{
  "schema": "moonlab/decoder_shootout/v0.7.8",
  "distance": 5,
  "trials_per_p": 200,
  "code": "toric_5x5",
  "p_values": [0.0100, 0.0200, 0.0400, 0.0600, 0.0800, 0.1000],
  "decoders": {
    "greedy": [0.005000, 0.020000, 0.060000, 0.145000, 0.115000, 0.245000],
    "mwpm_exact": [0.005000, 0.015000, 0.055000, 0.110000, 0.120000, 0.200000],
    "pymatching": [0.000000, 0.010000, 0.035000, 0.085000, 0.115000, 0.230000]
  }
}
