{
  "schema": "moonlab/decoder_shootout/v0.7.8",
  "distance": 5,
  "trials_per_p": 1000,
  "code": "toric_5x5",
  "p_values": [0.0100, 0.0200, 0.0400, 0.0600, 0.0800, 0.1000],
  "decoders": {
    "greedy": [0.004000, 0.016000, 0.068000, 0.105000, 0.150000, 0.252000],
    "mwpm_exact": [0.004000, 0.014000, 0.055000, 0.095000, 0.136000, 0.222000],
