{
  "schema": "moonlab/decoder_shootout/v0.7.8",
  "distance": 9,
  "trials_per_p": 1000,
  "code": "toric_9x9",
  "p_values": [0.0100, 0.0200, 0.0400, 0.0600, 0.0800, 0.1000],
  "decoders": {
    "greedy": [0.006000, 0.025000, 0.089000, 0.198000, 0.304000, 0.368000],
    "mwpm_exact": [0.006000, 0.019000, 0.068000, 0.169000, 0.262000, 0.312000],
    "pymatching": [null, null, null, null, null, null]
  }
}
